{
    "user_id": "default_user",
    "created_at": "2026-01-22T22:38:26.240996",
    "is_calibrated": true,
    "ear_data": {
        "mean": 0.49904999999999966,
        "std": 0.10499601976583046,
        "min_val": 0.092,
        "max_val": 0.641,
        "sample_count": 240
    },
    "head_tilt_data": {
        "mean": 0.0,
        "std": 0.0,
        "min_val": 0,
        "max_val": 0,
        "sample_count": 240
    },
    "shoulder_angle_data": {
        "mean": 4.073833333333334,
        "std": 3.6944349327362938,
        "min_val": 0.08,
        "max_val": 23.99,
        "sample_count": 240
    },
    "distance_data": {
        "mean": 50.0,
        "std": 0.0,
        "min_val": 50.0,
        "max_val": 50.0,
        "sample_count": 240
    }
}